BRANCHE RÉSEAU
75015 - PARIS ANTENNE DEX GRAND SUD OUEST
94250 - GENTILLY DEX OM
75015 - PARIS ANTENNE DEX NORD EST (L)
75015 - PARIS ANTENNE DEX SUD EST (L)
92130 - PARIS EMRG ANTENNE SIEGE (L)
75014 - PARIS EMRG IDF
75015 - PARIS DEX RLP DAST
75015 - PARIS DEX RLP ILE DE FRANCE
92130 - ISSY DIR DE L'INNOVATION EN FORMATION
92130 - ISSY ECOLE DE LA BANQUE ET DU RESEAU
75015 - PARIS 3631 SERVICE CONSOMMATEUR RESEAU
75015 - PARIS DIR COMMERCIALE COMMUNE
75015 - PARIS DIRECTION COMMUNICATION
75015 - PARIS DIRECTION FINANCIERE
75014 - PARIS DIR ACCOMPAGNMTS PROJETS CLIENTS
75015 - PARIS DIR RESS HUMAINES OPERAT RESEAU
75015 - PARIS DIR EXPERIENCE CLIENT
75015 - PARIS DIR FIL FIDUCIAIRE BANQUE RESEAU
75015 - PARIS DIR COORD STRAT RESEAU
75015 - PARIS DIR DEVELOPPEMENT COMMERCIAL
92130 - ISSY DIR DEONTOLOGIE CONTROLE ENQUETES
75014 - PARIS DIR EXPLOITATION ORGA. SYNERGIE
75015 - PARIS DIR DU DEPLOIEMENT DES FORMATS
75015 - PARIS DIR MARKET RESEAUX DISTRIBUTION
75015 - PARIS DIR GEOMARKETING ET PILOTAGE
75015 - PARIS DIR PARTENARIATS NOUV ACTIVITES
75015 - PARIS DRH TRANSVERSE
75015 - PARIS DIR PERFORMANCE ET CHANGEMENT
75015 - PARIS DIR TRANSFO. ET ATTRACTIVITE
75015 - PARIS DIR ORGANISAT. RISQUE EXP CLIENT
92130 - ISSY SCE NATIONAL D ENQUETES (L)
75015 - PARIS SECRETARIAT GENERAL RLP
75015 - PARIS SIEGE RLP
75015 - Paris Siège RLP (Siège)
92130 - PARIS DIR MAITRISE RISQUE OPERATIONNEL (L)
75015 - PARIS ANTENNE DEX OUEST
20000 - AJACCIO ANTENNE DASL CORSE
20200 - BASTIA ANTENNE DASL CORSE
20000 - AJACCIO SG CF1
13001 - MARSEILLE ANTENNE CONTROLE PERMANENT (L)
20000 - AJACCIO ANTENNE DU CONTROLE PERMANENT (L)
20200 - BASTIA ANTENNE CONTROLE PERMANENT
33000 - BORDEAUX ANTENNE DU CONTROLE PERMANENT (L)
35000 - RENNES ANTENNE DU CONTROLE PERMANENT (L)
59000 - LILLE ANTENNE DU CONTROLE PERMANENT (L)
69002 - LYON ANTENNE DU CONTROLE PERMANENT (L)
49000 - ANGERS RISQUE OPERATIONNEL
94700 - MAISONS ALFORT ANT. CONTROLE PERMANENT (L)
92130 - ISSY DIR ACC TRAJECT POLIT EMPLOI
45000 - ORLEANS DIR ACC TRAJECT POLIT EMPLOI (L)
97400 - ST DENIS DD CTRE DEPART FORM.
97110 - CENTRE DEPTAL DE FORMATION (L)
44700 - ORVAULT CR
94430 - CHENNEVIERES CR
97200 - FORT DE FRANCE SD CSRH (L)
97300 - CAYENNE SD CSRH (L)
20000 - AJACCIO DASL CORSE DAST
13001 - MARSEILLE PROV ALPES COTE AZUR DAST
31200 - TOULOUSE MIDI PYRENEES DAST
33000 - BORDEAUX AQUITAINE LIM POIT CH DAST
35000 - RENNES BRETAGNE PAYS DE LA LOIRE DAST
45000 - ORLEANS CENTRE-NORMANDIE DAST
57000 - METZ ALSACE LORRAINE CHAMP ARD DAST
59000 - LILLE NORD-PAS DE CALAIS-PICARDIE DAST
63100 - CLERMONT EMRG ANT SIEGE (L)
63100 - CLERMONT EMRG ANT AQUITAINE (L)
69002 - LYON PAYS D' AUVERGNE ET DU RHONE DAST
78180 - ST QUENTIN EN YVELINES IDF OUEST DAST
94700 - MAISONS ALFORT PARIS IDF EST DAST
13001 - MARSEILLE PACA DAST COMM
21000 - DIJON BOURG FRANC COM DAST COMM
31200 - TOULOUSE MIDI PYRENEES DAST COMM
33000 - BORDEAUX AQ LIM POI CH DAST COMM
57000 - METZ ALS LOR CHAMP ARD DAST COMM
59800 - LILLE NORD PAS CA PIC DAST COMM
69002 - LYON PAYS AUV ET RHONE DAST COMM
75014 - MAISONS ALFORT IDF EST DAST COMM
06000 - NICE COMMUNICATION (L)
11100 - NARBONNE COMMUNICATION (L)
13001 - MARSEILLE PRC PACA (L)
13340 - ROGNAC COMMUNICATION (L)
14000 - CAEN PRC NORMANDIE (L)
14000 - CAEN COMMUNICATION (L)
16000 - ANGOULEME COMMUNICATION (L)
19000 - TULLE COMMUNICATION (L)
21000 - DIJON PRC BOURGOGNE FRANCHE-COMTE (L)
22000 - ST BRIEUC COMMUNICATION (L)
24000 - PERIGUEUX COMMUNICATION (L)
29000 - QUIMPER COMMUNICATION (L)
31000 - TOULOUSE PRC OCCITANIE (L)
33000 - BORDEAUX BONNAC COMM DAST (L)
33000 - BORDEAUX PRC NOUVELLE AQUITAINE (L)
34000 - MONTPELLIER PRC OCCITANIE (L)
35000 - RENNES PRC BRETAGNE (L)
37000 - TOURS PRC CENTRE (L)
42000 - ST ETIENNE COMMUNICATION (L)
44000 - NANTES PRC PAYS DE LA LOIRE (L)
44200 - NANTES COMMUNICATION (L)
45000 - ORLEANS PRC CENTRE (L)
49000 - ANGERS COMMUNICATION (L)
51000 - CHALONS PRC GRAND EST (L)
54000 - NANCY COMMUNICATION (L)
57000 - METZ PRC GRAND EST (L)
59800 - LILLE PRC HAUTS DE FRANCE (L)
62000 - ARRAS PRC HDF (L)
63000 - CLERMONT-FD PRC AUVERGNE RHONE ALPES (L)
63000 - CLERMONT FERRAND COMMUNICATION (L)
64000 - PAU COMMUNICATION (L)
67000 - STRASBOURG PRC GRAND EST (L)
68000 - COLMAR COMMUNICATION (L)
69002 - LYON PRC AUVERGNE RHONE ALPES (L)
69007 - LYON COMMUNICATION (L)
72000 - LE MANS COMMUNICATION (L)
73000 - CHAMBERY COMMUNICATION (L)
75014 - PARIS NORD COMMUNICATION (L)
76000 - ROUEN PRC NORMANDIE (L)
78280 - GUYANCOURT COMMUNICATION (L)
80000 - AMIENS PRC HAUTS DE FRANCE (L)
83000 - TOULON COMMUNICATION (L)
84000 - AVIGNON KENNEDY COMMUNICATION (L)
86000 - POITIERS PRC NOUVELLE AQUITAINE (L)
87100 - LIMOGES COMMUNICATION (L)
95000 - CERGY PONTOISE COMMUNICATION (L)
97100 - BASSE TERRE OUTRE MER CSRH
97400 - ST DENIS OUTRE MER REUNION CSRH
09000 - FOIX DT ARIEGE ET COMMINGES (L)
11100 - NARBONNE DT PAYS CATHARE (L)
11100 - NARBONNE DT PAYS CATALAN (L)
12000 - RODEZ 12 46 48 81 82 DR
16100 - COGNAC DT VIGNES DE L'ANGOUMOIS (L)
16000 - ANGOULEME 16 17 79 86 DR
17000 - LA ROCHELLE DT PERTUIS BRETON (L)
17100 - SAINTES DT ESTUAIRES ET SAINTONGE (L)
19000 - TULLE DT CORREZE (L)
19000 - TULLE 19 23 24 87 DR
23000 - GUERET DT HAUT LIMOUSIN (L)
24000 - PERIGUEUX DT PERIGORD OUEST (L)
24000 - PERIGUEUX DT PERIGORD EST (L)
30000 - NIMES DT PORTES DU LANGUEDOC (L)
30000 - NIMES DT CEVENNES (L)
31200 - TOULOUSE DT HERS ET LAURAGAIS (L)
31200 - TOULOUSE DT PLAINE DE LA GARONNE (L)
31200 - TOULOUSE DT AERO (L)
31200 - TOULOUSE 09 31 32 DR
31200 - TOULOUSE DT CANAL DU MIDI (L)
32000 - AUCH DT GASCOGNE ET GARONNE (L)
33600 - PESSAC DT MEDOC (L)
33490 - ST MACAIRE DT LES BASTIDES (L)
33500 - LIBOURNE DT COTEAUX DE GIRONDE (L)
33600 - PESSAC DT BASSIN D'ARCACHON (L)
33000 - BORDEAUX DT BORDEAUX CENTRE (L)
33000 - BORDEAUX 33 47 DR
34000 - MONTPELLIER DT MONTPELLIERAIN (L)
34000 - MONTPELLIER DT ORB ET ETANGS (L)
34000 - MONTPELLIER DT PIC ST LOUP PTE CAMARG (L)
34000 - MONTPELLIER DT THAU ET HAUT LANGUEDOC (L)
34000 - MONTPELLIER 11 30 34 66 DR
40000 - MONT DE MARSAN DT LANDES (L)
46000 - CAHORS DT LOT BASSIN ET VALLON (L)
47200 - MARMANDE DT LOT ET GARONNE (L)
12000 - RODEZ DT LOZERE ET MTGNE AVEYRONNAISE (L)
64100 - BAYONNE DT PAYS BASQUE (L)
64000 - PAU DT PAU BEARN (L)
64000 - PAU 40 64 65 DR
65000 - TARBES DT HAUTES PYRENEES (L)
79000 - NIORT DT DEUX SEVRES (L)
81100 - CASTRES DT SUD TARN (L)
81000 - ALBI DT TARN ET AVEYRON (L)
82000 - MONTAUBAN DT TARN ET GARONNE (L)
86000 - POITIERS DT PICTAVE HAUT POITOU (L)
16000 - ANGOULEME DT CHARENTE ET GARTEMPE (L)
87000 - LIMOGES DT HAUTE VIENNE (L)
97110 - POINTE A PITRE DT BASSE TERRE (L)
97100 - BASSE TERRE OM971
97110 - POINTE A PITRE DT GRANDE TERRE (L)
97200 - FORT DE FRANCE DT MADININA (L)
97200 - FORT DE FRANCE OM972
97300 - CAYENNE DT LA CANOPEE (L)
97300 - CAYENNE OM973
97400 - ST DENIS OM974
97400 - SAINT DENIS DT LES TAMARINS (L)
97600 - MAMOUDZOU OM985
02000 - LAON DT LES PASTELS (L)
02880 - CROUY DT LE CHEMIN DES DAMES (L)
08000 - CHARLEVILLE MEZIERES DT CHAMP ARD NORD (L)
10000 - TROYES DT CHAMPAGNE ARDENNE SUD (L)
21000 - DIJON DT GRAND DIJON (L)
21000 - DIJON DT SEINE ET VIGNES (L)
21000 - DIJON 21 58 71 89 DR
25000 - BESANCON DT EUROPE ET TECHNIQUES (L)
25200 - MONTBELIARD DT TERRE DES LIONS (L)
25300 - PONTARLIER DT PLATEAUX DU HAUT DOUBS (L)
25000 - BESANCON DT VIGNES ET MONTAGNES (L)
51000 - CHALONS EN CHAMPAGNE DT CHAMP ARD EST (L)
51000 - CHALONS EN CHAMPAGNE DT CHAMP AR OUEST (L)
51000 - CHALONS EN CHAMPAGNE 08 10 51 52 DR
54000 - NANCY DT GRAOULLY ET CHARDON (L)
54000 - NANCY DT VIGNES ET VERGERS (L)
54000 - NANCY 54 55 57 88 DR
57000 - METZ DT HAUTS DE LORRAINE (L)
57000 - METZ DT TROIS FRONTIERES (L)
54000 - NANCY DT ETANGS ET RIVIERES (L)
58000 - NEVERS DT NIVERNAIS (L)
59000 - LILLE DT TERRE ET MER (L)
59000 - LILLE DT LILLE PORTE NOUVELLE (L)
59000 - LILLE DT HAINAUT (L)
59000 - LILLE DT PAYS DE MORMAL (L)
59000 - LILLE DT LES HAUTS DU NORD (L)
59000 - LILLE DT VALLEE DE LA LYS (L)
59000 - LILLE DT LE CAMBRESIS (L)
59000 - LILLE 59 62 DR
60000 - BEAUVAIS DT LA VALLEE DU THERAIN (L)
60000 - BEAUVAIS DT LE MERIDIEN (L)
60000 - BEAUVAIS 02 60 80 DR
62000 - ARRAS DT AUTOUR DU LOUVRE LENS (L)
62120 - AIRE SUR LA LYS DT LYS ROMANE (L)
62200 - BOULOGNE SMER DT TERRE D OPALE (L)
62000 - ARRAS DT GAYANT ARTOIS (L)
67000 - STRASBOURG DT STRASBOURG EUROPE (L)
67000 - STRASBOURG DT TROIS RIVIERES (L)
67000 - STRASBOURG 25 39 67 68 70 90 DR
68000 - COLMAR DT COEUR D'ALSACE (L)
68000 - COLMAR DT PORTE D'ALSACE (L)
90000 - BELFORT DT PLAINE ET RIVIERES (L)
71850 - CHARNAY LES MACON DT VIGNES E COLLINES (L)
71850 - CHARNAY LES MACON DT BRESSE ET MORVAN (L)
80090 - AMIENS DT PONTHIEU COTE PICARDE (L)
80090 - AMIENS DT ROSE DE PICARDIE (L)
54000 - NANCY DT VOSGES ET CRISTAL (L)
89000 - AUXERRE DT PORTE D'OR (L)
01000 - BOURG EN BRESSE DT LES PORTES DE L'AIN (L)
01000 - BOURG EN BRESSE DT ENTRE BOURG ET DOMB (L)
04000 - DIGNE DT ALPES HAUTE PROVENCE (L)
05000 - GAP DT HAUTES ALPES (L)
06000 - NICE DT NICE BAIE DES ANGES (L)
06000 - NICE DT MENTON AZUR ET VALLEES (L)
06000 - NICE DT LES BALCONS D AZUR (L)
06000 - NICE DT ANTIBES PARFUMS D AZUR (L)
06000 - NICE 04 05 06 83 DR
07000 - PRIVAS DT PORTE DU SOLEIL (L)
13300 - MARSEILLE DT MISTRAL (L)
13001 - MARSEILLE DT COTE BLEUE (L)
13001 - MARSEILLE DT SAINTE VICTOIRE (L)
13001 - MARSEILLE DT MARSEILLE ET CALANQUES (L)
13001 - MARSEILLE DT EUROMEDITERRANEE (L)
13001 - MARSEILLE 13 84 DR
13001 - MARSEILLE DT PHOCEEN (L)
63000 - CLERMONT FERRAND DT PORTES DU SUD (L)
20200 - BASTIA DT HAUTE-CORSE (L)
20000 - AJACCIO DT CORSE DU SUD (L)
20200 - BASTIA 20 DR
26000 - VALENCE DT VIVARAIS DAUPHINE (L)
38000 - GRENOBLE DT ISERE PORTE DU SUD (L)
38000 - GRENOBLE DT COEUR D'ISERE (L)
38200 - LUZINAY DT BIEVRE DAUPHINE (L)
38000 - GRENOBLE 07 26 38 DR
69002 - LYON DT LOIRE CENTRE (L)
63000 - CLERMONT FERRAND DT DE LOIRE ET DORE (L)
63000 - CLERMONT FERRAND DT COEUR DE LIMAGNE (L)
63100 - CLERMONT FERRAND DT CLERMONT VOLCANS (L)
63000 - CLERMONT FERRAND 03 15 43 63 DR
69002 - LYON DT NORD RHONE LOIRE (L)
69002 - LYON DT CENTRE LYON METROPOLE (L)
69002 - LYON DT OUEST LYON METROPOLE (L)
69002 - LYON DT NORD LYON METROPOLE (L)
69002 - LYON DT SUD RHONE LOIRE (L)
69002 - LYON DT SUD EST LYON METROPOLE (L)
69002 - LYON 42 69 DR
73000 - CHAMBERY DT LES DUCS DE SAVOIE (L)
73000 - CHAMBERY 01 73 74 DR
74000 - ANNECY DT ANNECY ET GENEVOIS (L)
74000 - ANNECY DT MONT BLANC (L)
83000 - TOULON DT CAP TOULON (L)
83000 - TOULON DT TERRES VAROISE (L)
83000 - TOULON DT TERRE ET AZUR (L)
84000 - AVIGNON DT PAYS D AIGUES ET LUBERON (L)
84000 - AVIGNON DT AVIGNON ET PAYS DE SORGUES (L)
75014 - PARIS NORD 751 DR
75014 - PARIS SUD 752 DR
75014 - PARIS NORD DT LA VILLETTE (L)
75014 - PARIS SUD DT DAUMESNIL (L)
75014 - PARIS NORD DT MONTMARTRE (L)
75014 - PARIS SUD DT GOBELINS (L)
75014 - PARIS SUD DT MONTPARNASSE ODEON (L)
75014 - PARIS SUD DT AUTEUIL VARENNE (L)
75014 - PARIS SUD SUD DT VAUGIRARD (L)
75014 - PARIS NORD DT MONTAIGNE (L)
75014 - PARIS NORD DT VOLTAIRE (L)
75014 - PARIS NORD DT BASTILLE (L)
93000 - BOBIGNY DT SEINE LOING (L)
93000 - BOBIGNY DT CENTRE ET BRIE (L)
93000 - BOBIGNY DT HAUTS DE MARNE (L)
93000 - BOBIGNY DT VALLE DE LA MARNE ET MORIN (L)
78180 - MONTIGNY DT SEINE ET VALLEES (L)
78180 - MONTIGNY DT FORETS ET JARDINS (L)
78180 - MONTIGNY DT BOUCLE DU ROY (L)
78180 - MONTIGNY DT SEINE YVELINES (L)
78180 - ST QUENTIN EN YVELINES 78 95 DR
91000 - EVRY DT VALLEE DE L YVETTE (L)
91000 - EVRY DT ENTRE MARNE ET SEINE (L)
91000 - EVRY DT TOUR ET CHATEAUX (L)
91000 - EVRY DT ROUTES DU SOLEIL (L)
92130 - ISSY LES MOULINEAUX DT LES GARENNES (L)
92130 - ISSY LES MOULINEAUX DT VAL DE SEINE (L)
92130 - ISSY LES MOULINEAUX DT LA SEINE (L)
92130 - ISSY LES MOULINEAUX DT HTS DE BIEVRE (L)
92130 - ISSY LES MOULINEAUX 92 DR
92130 - ISSY LES MOULINEAUX DT SEINE OUEST (L)
93000 - BOBIGNY DT LES CYGNES (L)
93000 - BOBIGNY DT LE VERT GALANT (L)
93000 - BOBIGNY DT LES MEANDRES (L)
93000 - BOBIGNY DT LES BORDS DE MARNE (L)
93000 - BOBIGNY DT LE METROPOLITAIN (L)
93160 - NOISY LE GRAND 77 93 DR
94000 - CRETEIL DT BIEVRE ET SEINE (L)
94000 - CRETEIL DT VAL AU BOIS (L)
94000 - CRETEIL DT GRANDS PARCS (L)
94000 - CRETEIL 91 94 DR
94000 - CRETEIL DT SENTIERS DE MARNE (L)
95000 - CERGY DT PAYS DE FRANCE (L)
95000 - CERGY DT BOUCLES DE L OISE (L)
95000 - CERGY DT SEINE ET LAC (L)
14000 - CAEN DT CAEN COTE FLEURIE (L)
14000 - CAEN DT NACRE COTENTIN (L)
14000 - CAEN 14 50 61 DR
18000 - BOURGES DT CHER (L)
22000 - ST BRIEUC DT ARMOR (L)
22000 - ST BRIEUC DT COTE D'EMERAUDE (L)
28000 - CHARTRES DT EURE ET LOIR (L)
29000 - QUIMPER DT AVEL VOR (L)
29000 - QUIMPER DT DOUAR HA MOR (L)
29000 - QUIMPER DT CORNOUAILLE (L)
35000 - RENNES DT PORTES DE BRETAGNE (L)
35000 - RENNES DT BROCELIANDE ET VILAINE (L)
35000 - RENNES 22 29 35 56 DR
36000 - CHATEAUROUX DT INDRE (L)
37000 - TOURS DT COEUR DE TOURAINE (L)
37000 - TOURS DT AGNES SOREL (L)
41000 - BLOIS DT LOIR ET CHER (L)
44600 - SAINT NAZAIRE DT ESTUAIRE (L)
44130 - BLAIN DT LOIRE ARMORIQUE (L)
44000 - NANTES DT NANTES VILLE (L)
44000 - NANTES DT OCEAN VIGNOBLE (L)
44000 - NANTES 44 85 DR
45000 - ORLEANS DT TERRES DE LOIRE (L)
45000 - ORLEANS DT ORLEANS METROPOLE (L)
45000 - ORLEANS 18 36 41 45 DR
49000 - ANGERS DT PAYS D ANGERS (L)
49000 - ANGERS DT VALLEE DU LOIR (L)
49000 - ANGERS DT LOIRE ET LAYON (L)
50000 - SAINT LO DT BAIE BOCAGE (L)
53000 - LAVAL DT HAUT MAINE (L)
56000 - VANNES DT TERRES D'ORIENT (L)
56000 - VANNES DT GOLFE DU MORBIHAN (L)
61000 - ALENCON DT LES DIX FORETS (L)
72000 - LE MANS DT PAYS CENOMANS (L)
72000 - LE MANS 37 49 53 72 DR
76000 - ROUEN DT BOUCLES DE LA SEINE (L)
76000 - ROUEN DT ENTRE BRESLE ET DURDENT (L)
76000 - ROUEN 27 28 76 DR
76000 - ROUEN DT PORTE NORMANDE (L)
76000 - ROUEN DT VALLEE DE LA RISLE (L)
76000 - ROUEN DT OCEANE ET CAUX (L)
85000 - LA ROCHE SUR YON DT PAYS VENDEEN (L)
20200 - BASTIA CAISSE CENTRALE DE CORSE AFT
20000 - AJACCIO CAISSE CENTRALE CORSE AFT (L)
13001 - MARSEILLE SUD EST AFT
33000 - BORDEAUX SUD OUEST AFT
59000 - LILLE NORD EST AFT
92130 - PARIS IDF AFT
31000 - TOULOUSE AFTA (L)
34000 - MONTPELLIER AFTA (L)
35000 - RENNES OUEST AFT (L)
55000 - BAR LE DUC AFTA (L)
2000 - LAON ADAST
11000 - CARCASSONNE ADAST
14000 - CAEN ADAST
14000 - CAEN 2 ADAST
21000 - DIJON 3 ADAST
22000 - SAINT BRIEUC ADAST
25000 - BESANCON ADAST
25000 - BESANCON 2 ADAST
29000 - QUIMPER ADAST
30900 - NIMES ADAST
33000 - BORDEAUX ADAST
34000 - MONTPELLIER 2 ADAST
37700 - TOURS BPDL RENNES ADAST
38100 - GRENOBLE 2 ADAST
44000 - NANTES ADAST
51000 - CHALONS ADAST
51000 - CHALONS 2 ADAST
57000 - METZ ADAST
63000 - CLERMONT  FERRAND ADAST
67000 - STRASBOURG ADAST
69002 - LYON ADAST
72000 - LE MANS ADAST
73000 - CHAMBERY ADAST
73000 - CHAMBERY 2 ADAST
75014 - APOLLONIS ADAST
78180 - SAINT QUENTIN EN YVELINES 2 ADAST
80090 - AMIENS ADAST
83000 - TOULON ADAST
85000 - LA ROCHE SUR YON ADAST
86000 - POITIERS ADAST
92130 - ISSY CENTRAL PARK 2 ADAST
94700 - MAISONS ALFORT 2 ADAST
01000 - BOURG EN BRESSE ADAST DAUPHINE ADAST (L)
03000 - MOULINS ADAST (L)
04000 - DIGNE ADAST (L)
05000 - GAP ADAST (L)
06000 - NICE ADAST (L)
07000 - PRIVAS ADAST (L)
08000 - CHARLEVILLE ADAST (L)
09000 - FOIX ADAST (L)
10000 - TROYES ADAST (L)
10000 - TROYES 2 ADAST (L)
12000 - RODEZ ADAST (L)
13001 - MARSEILLE ADAST (L)
17000 - LA ROCHELLE ADAST (L)
18000 - BOURGES ADAST (L)
21000 - DIJON 2 ADAST (L)
23000 - GUERET ADAST (L)
24000 - PERIGUEUX ADAST (L)
26000 - VALENCE ADAST (L)
27000 - EVREUX ADAST (L)
27000 - EVREUX 2 ADAST (L)
28000 - CHARTRES ADAST (L)
31200 - TOULOUSE ADAST (L)
32000 - AUCH ADAST (L)
36000 - CHATEAUROUX ADAST (L)
38100 - GRENOBLE 3 ADAST (L)
39000 - LONS LE SAUNIER ADAST (L)
39000 - LONS LE SAUNIER 2 ADAST (L)
40000 - MONT DE MARSAN ADAST (L)
40990 - SAINT PAUL LES DAX ADAST (L)
41000 - BLOIS ADAST (L)
42000 - SAINT ETIENNE ADAST (L)
43000 - LE PUY ADAST (L)
45000 - ORLEANS 2 ADAST (L)
46000 - CAHORS ADAST (L)
47000 - AGEN ADAST (L)
49000 - ANGERS ADAST (L)
50000 - SAINT LO ADAST (L)
52000 - CHAUMONT ADAST (L)
54000 - NANCY ADAST (L)
54000 - NANCY 2 ADAST (L)
55000 - BAR LE DUC ADAST (L)
55000 - BAR LE DUC 2 ADAST (L)
58640 - VARENNES VAUZELLES NEVERS ADAST (L)
58640 - VARENNES VAUZELLES NEVERS 2 ADAST (L)
60000 - BEAUVAIS ADAST (L)
61000 - ALENCON ADAST (L)
62000 - ARRAS ADAST (L)
63000 - CLERMONT FERRAND 2 ADAST (L)
64000 - PAU ADAST (L)
65000 - TARBES ADAST (L)
66000 - PERPIGNAN ADAST (L)
67000 - STRASBOURG 2 ADAST (L)
68000 - COLMAR ADAST (L)
68000 - COLMAR 2 ADAST (L)
71850 - CHARNAY LES MACON ADAST (L)
76000 - ROUEN ADAST (L)
76000 - ROUEN 2 ADAST (L)
79000 - NIORT ADAST (L)
81000 - ALBI ADAST (L)
82000 - MONTAUBAN ADAST (L)
84000 - AVIGNON ADAST (L)
86000 - POITIERS 2 ADAST (L)
87100 - LIMOGES ADAST (L)
87100 - LIMOGES 2 ADAST (L)
88000 - EPINAL ADAST (L)
88000 - EPINAL 2 ADAST (L)
90400 - DANJOUTIN ADAST (L)
90800 - BAVILLIERS BELFORT 2 ADAST (L)
95000 - CERGY PONTOISE 2 ADAST (L)
45000 - ORLEANS DIR DE L'INNOV. EN FORMATION (L)
86000 - POITIERS DIR INNOVATION EN FORMATION (L)
9000 - FOIX R P
9300 - LAVELANET
9290 - LE MAS D AZIL
9100 - PAMIERS
9200 - SAINT GIRONS
11000 - CARCASSONNE R P
11400 - CASTELNAUDARY
11110 - COURSAN
11120 - GINESTAS
11200 - LEZIGNAN CORBIERES
11300 - LIMOUX
11100 - NARBONNE GAMBETTA
11210 - PORT LA NOUVELLE
11800 - TREBES
12300 - DECAZEVILLE
12500 - ESPALION
12450 - LUC LA PRIMAUBE
12100 - MILLAU
12000 - RODEZ R P
12400 - SAINT AFFRIQUE
12200 - VILLEFRANCHE DE ROUERGUE
16000 - ANGOULEME CHAMP DE MARS
16300 - BARBEZIEUX SAINT HILAIRE
16100 - COGNAC
16500 - CONFOLENS
16400 - LA COURONNE
16110 - LA ROCHEFOUCAULD
16600 - RUELLE
16700 - RUFFEC
16710 - SAINT YRIEIX SUR CHARENTE
17340 - CHATELAILLON PLAGE
17630 - LA FLOTTE
17500 - JONZAC
17140 - LAGORD
17130 - MONTENDRE
17800 - PONS
17300 - ROCHEFORT
17000 - LA ROCHELLE CAP OUEST
17200 - ROYAN PRINCIPAL
17400 - SAINT JEAN D ANGELY
17250 - SAINT PORCHAIRE
17100 - SAINTES
17600 - SAUJON
17700 - SURGERES
17390 - LES CLAIRES LA TREMBLADE
17000 - LA ROCHELLE ATLANTIC
17000 - LA ROCHELLE HOTEL DE VILLE
19400 - ARGENTAT
19100 - BRIVE
19300 - EGLETONS
19360 - MALEMORT SUR CORREZE
19130 - OBJAT
19000 - TULLE
19200 - USSEL
19140 - UZERCHE
23200 - AUBUSSON
23230 - GOUZON
23000 - GUERET
23300 - LA SOUTERRAINE
24100 - BERGERAC
24260 - LE BUGUE
24700 - MONTPON MENESTEROL
24400 - MUSSIDAN
24300 - NONTRON
24000 - PERIGUEUX THEATRE
24600 - RIBERAC
24220 - SAINT CYPRIEN
24200 - SARLAT LA CANEDA
24120 - TERRASSON LAVILLEDIEU
24800 - THIVIERS
24750 - TRELISSAC
24660 - COULOUNIEIX CHAMIERS
30100 - ALES PRINCIPAL
30200 - BAGNOLS SUR CEZE
30300 - BEAUCAIRE
30132 - CAISSARGUES
30420 - CALVISSON
30110 - LA GRAND COMBE
30540 - MILHAUD
30000 - NIMES ESPLANADE
30130 - PONT ST ESPRIT
30210 - REMOULINS
30500 - SAINT AMBROIX
30380 - SAINT CHRISTOL LEZ ALES
30190 - SAINT GENIES DE MALGOIRES
30700 - UZES
30600 - VAUVERT
30120 - LE VIGAN
30400 - VILLENEUVE LES AVIGNON PASTEUR
30000 - NIMES GAMBETTA
30900 - NIMES CADEREAU
31300 - TOULOUSE GRANDE BRETAGNE
31140 - AUCAMVILLE
31190 - AUTERIVE
31130 - BALMA
31700 - BLAGNAC
31320 - CASTANET TOLOSAN
31000 - TOULOUSE LES AUGUSTINS
31780 - CASTELGINEST
31180 - CASTELMAUROU
31620 - CASTELNAU D ESTRETEFONDS
31220 - CAZERES SUR GARONNE BC
31770 - COLOMIERS PLEIN CENTRE
31700 - CORNEBARRIEU
31300 - TOULOUSE SAINT CYPRIEN REPUBLIQUE
31270 - CUGNAUX
31330 - GRENADE
31860 - LABARTHE SUR LEZE
31210 - MONTREJEAU
31600 - MURET
31410 - NOE
31820 - PIBRAC
31830 - PLAISANCE DU TOUCH
31120 - PORTET SUR GARONNE
31250 - REVEL
31800 - SAINT GAUDENS
31470 - SAINT LYS
31650 - SAINT ORENS DE GAMEVILLE
31000 - TOULOUSE CAPITOLE
31170 - TOURNEFEUILLE
31240 - L UNION
31340 - VILLEMUR SUR TARN
31500 - TOULOUSE COTE PAVEE
31000 - TOULOUSE ARNAUD BERNARD
31000 - TOULOUSE ROQUELAINE
31200 - TOULOUSE CROIX DAURADE
31200 - TOULOUSE MINIMES
31400 - TOULOUSE PONT DES DEMOISELLES
31000 - TOULOUSE SAINT AUBIN
31400 - TOULOUSE SAINT MICHEL
31500 - TOULOUSE ROSERAIE
31400 - TOULOUSE RANGUEIL
31100 - TOULOUSE LARDENNE
31100 - TOULOUSE MIRAIL
32000 - AUCH GAMBETTA
32100 - CONDOM
32800 - EAUZE
32600 - L ISLE JOURDAIN
32300 - MIRANDE
32110 - NOGARO
33440 - AMBARES ET LAGRAVE
33510 - ANDERNOS LES BAINS
33120 - ARCACHON PRINCIPAL
33430 - BAZAS
33130 - BEGLES
33700 - MERIGNAC CAPEYRON
33290 - BLANQUEFORT
33390 - BLAYE
33000 - BORDEAUX MERIADECK
33000 - BORDEAUX GAMBETTA
33110 - LE BOUSCAT
33480 - CASTELNAU DE MEDOC
33150 - CENON PRINCIPAL
33230 - COUTRAS
33670 - CREON
33270 - FLOIRAC
33170 - GRADIGNAN
33470 - GUJAN MESTRAS
33650 - LA BREDE
33210 - LANGON
33340 - LESPARRE MEDOC
33500 - LIBOURNE PRINCETEAU
33310 - LORMONT GENICART
33700 - MERIGNAC
33600 - PESSAC PRINCIPAL
33190 - LA REOLE
33240 - SAINT ANDRE DE CUBZAC
33220 - SAINTE FOY LA GRANDE
33160 - SAINT MEDARD EN JALLES
33770 - SALLES
33400 - TALENCE
33100 - BORDEAUX BASTIDE
33000 - BORDEAUX VICTOIRE
33300 - BORDEAUX MARITIME
33300 - BORDEAUX LES CHARTRONS
33140 - VILLENAVE D ORNON PRINCIPAL
33600 - PESSAC ALOUETTE
33200 - BORDEAUX CAUDERAN
34300 - AGDE
34600 - BEDARIEUX
34500 - BEZIERS CLEMENCEAU
34000 - MONTPELLIER COMEDIE
34310 - CAPESTANG
34170 - CASTELNAU LE LEZ
34160 - CASTRIES
34800 - CLERMONT L HERAULT
34690 - FABREGUES
34110 - FRONTIGNAN MISTRAL
34150 - GIGNAC
34990 - JUVIGNAC
34970 - LATTES
34400 - LUNEL TIVOLI
34130 - MAUGUIO
34000 - MONTPELLIER RONDELET
34120 - PEZENAS
34980 - SAINT GELY DU FESC
34410 - SERIGNAN
34200 - SETE
34000 - MONTPELLIER PREFECTURE
34070 - MONTPELLIER SAINT CLEMENT
34500 - BEZIERS LA DEVEZE
34070 - MONTPELLIER MAS DREVON
34000 - MONTPELLIER ANTIGONE
34070 - MONTPELLIER ESTANOVE
34080 - MONTPELLIER LA MOSSON
34500 - BEZIERS CITADELLE
34090 - MONTPELLIER FACULTES
40800 - AIRE SUR L ADOUR
40600 - BISCARROSSE
40130 - CAPBRETON
40100 - DAX
40000 - MONT DE MARSAN COEUR DE VILLE
40110 - MORCENX
40300 - PEYREHORADE
40465 - PONTONX SUR L ADOUR
40140 - SOUSTONS
40220 - TARNOS
40000 - MONT DE MARSAN TROIS RIVIERES
46000 - CAHORS VALENTRE
46100 - FIGEAC
46300 - GOURDON
46500 - GRAMAT
46220 - PRAYSSAC
47000 - AGEN CARNOT
47500 - FUMEL
47200 - MARMANDE
47600 - NERAC
47520 - LE PASSAGE
47400 - TONNEINS
47300 - VILLENEUVE SUR LOT
48400 - FLORAC
48100 - MARVEJOLS
48000 - MENDE RP
64600 - ANGLET
64200 - BIARRITZ
64250 - CAMBO LES BAINS
64110 - JURANCON
64230 - LESCAR
64160 - MORLAAS
64800 - NAY
64400 - OLORON STE MARIE
64300 - ORTHEZ
64000 - PAU BOSQUET
64500 - SAINT JEAN DE LUZ
64120 - SAINT PALAIS
64100 - BAYONNE LABAT
64100 - BAYONNE SAINT ESPRIT
64000 - PAU UNIVERSITE
65800 - AUREILHAN
65200 - BAGNERES DE BIGORRE
65300 - LANNEMEZAN
65100 - LOURDES
65700 - MAUBOURGUET
65170 - SAINT LARY SOULAN
65000 - TARBES JAURES
65000 - TARBES PRADEAU
66700 - ARGELES SUR MER
66400 - CERET
66200 - ELNE
66130 - ILLE SUR TET
66000 - PERPIGNAN ARAGO RP
66500 - PRADES
66240 - SAINT ESTEVE
66250 - SAINT LAURENT DE LA SALANQUE
66300 - THUIR
66140 - CANET EN ROUSSILLON PRINCIPAL
66100 - PERPIGNAN MOULIN A VENT
66000 - PERPIGNAN LE VERNET POLYGONE
79300 - BRESSUIRE
79270 - FRONTENAY ROHAN ROHAN
79500 - MELLE
79000 - NIORT ORANGERIE
79200 - PARTHENAY
79400 - SAINT MAIXENT L ECOLE
79100 - THOUARS
79000 - NIORT SOUCHE
81000 - ALBI VIGAN
81400 - CARMAUX
81100 - CASTRES SOULT
81600 - GAILLAC
81300 - GRAULHET
81500 - LAVAUR
81200 - MAZAMET
81000 - ALBI MADELEINE
81000 - ALBI DE GAULLE
81100 - CASTRES L ALBINQUE
82100 - CASTELSARRASIN
82300 - CAUSSADE
82370 - LABASTIDE SAINT PIERRE
82000 - MONTAUBAN MIDI PYRENEES
82700 - MONTECH
82400 - VALENCE D AGEN
82000 - MONTAUBAN VILLEBOURBON
86100 - CHATELLERAULT BLOSSAC
86300 - CHAUVIGNY
86130 - JAUNAY CLAN
86170 - NEUVILLE DE POITOU
86000 - POITIERS HOTEL DE VILLE
86370 - VIVONNE
86000 - POITIERS LIBERATION
86000 - POITIERS COURONNERIES
86000 - POITIERS BEAULIEU
87700 - AIXE SUR VIENNE
87240 - AMBAZAC
87300 - BELLAC
87120 - EYMOUTIERS
87100 - LIMOGES BRANTOME
87350 - PANAZOL
87200 - SAINT JUNIEN
87500 - SAINT YRIEIX LA PERCHE
87100 - LIMOGES CARNOT
87000 - LIMOGES PREFECTURE
87000 - LIMOGES VANTEAUX
09999 - ANDORRE LA VIEILLE (L)
11590 - CUXAC D AUDE BP
11350 - TUCHAN BP
30140 - ANDUZE BP
30150 - ROQUEMAURE BP
34480 - MAGALAS BP
34560 - POUSSAN BP
34090 - MONTPELLIER AV DE LA JUSTICE BP
40700 - HAGETMAU BP
46120 - LACAPELLE MARIVAL BP
64260 - ARUDY BP
66000 - PERPIGNAN CLEMENCEAU BP
66310 - ESTAGEL BP
66000 - PERPIGNAN SAINT ASSISCLE BP
81260 - BRASSAC BP
81170 - CORDES BP
82800 - NEGREPELISSE BP
82140 - SAINT ANTONIN NOBLE VAL BP
97139 - LES ABYMES PRINCIPAL
97122 - BAIE MAHAULT
97100 - BASSE TERRE
97125 - BOUILLANTE
97130 - CAPESTERRE BELLE EAU
97112 - GRAND BOURG
97111 - MORNE A L EAU
97110 - POINTE A PITRE MUTUALITE
97133 - SAINT BARTHELEMY
97150 - SAINT MARTIN
97180 - SAINTE ANNE
97115 - SAINTE ROSE
97114 - TROIS RIVIERES
97224 - DUCOS
97200 - FORT DE FRANCE COEUR DE VILLE
97240 - LE FRANCOIS
97211 - RIVIERE PILOTE LA ROUTE DES PLAGES
97231 - LE ROBERT LES ALIZES
97230 - SAINTE MARIE PRINCIPAL
97200 - FORT DE FRANCE SAINTE THERESE
97233 - SCHOELCHER PILOT KARAIB
97232 - LE LAMENTIN PLACE D ARMES
97300 - CAYENNE BADUEL
97310 - KOUROU
97351 - MATOURY
97354 - REMIRE MONTJOLY
97320 - SAINT LAURENT DU MARONI
97300 - CAYENNE MANDELA
97419 - LA POSSESSION
97440 - ST ANDRE
97470 - ST BENOIT
97400 - ST DENIS LES FLAMBOYANTS
97480 - ST JOSEPH
97436 - ST LEU
97450 - ST LOUIS
97460 - ST PAUL
97410 - ST PIERRE
97438 - STE MARIE
97430 - LE TAMPON
97426 - LES TROIS BASSINS
97410 - RAVINE BLANCHE
97490 - STE CLOTILDE
97434 - ST GILLES LES BAINS
97400 - ST DENIS CAMELIAS
97500 - SAINT PIERRE
97620 - CHIRONGUI
97615 - DZAOUDZI LABATTOIR
97680 - COMBANI
97600 - MAMOUDZOU
97170 - PETIT BOURG BP
97412 - BRAS PANON BP
2320 - ANIZY LE GRAND
2110 - BOHAIN EN VERMANDOIS
2400 - CHATEAU THIERRY
2300 - CHAUNY
2430 - GAUCHY
2190 - VILLENEUVE SUR AISNE
2120 - GUISE
2500 - HIRSON
2000 - LAON R P
2100 - SAINT QUENTIN BASILIQUE
2200 - SOISSONS SAINT MARTIN
2600 - VILLERS COTTERETS
8160 - FLIZE
8170 - FUMAY
8300 - RETHEL
8230 - ROCROI
8200 - SEDAN TURENNE
8400 - VOUZIERS
8000 - CHARLEVILLE MEZIERES THEATRE
10200 - BAR SUR AUBE
10100 - ROMILLY SUR SEINE BOULE D OR
10120 - ST ANDRE LES VERGERS
10300 - SAINTE SAVINE
10000 - TROYES THIBAUD DE CHAMPAGNE
21200 - BEAUNE
21400 - CHATILLON SUR SEINE
21300 - CHENOVE
21121 - FONTAINE LES DIJON
21110 - GENLIS
21120 - IS SUR TILLE
21600 - LONGVIC
21800 - QUETIGNY
21350 - VITTEAUX
21000 - DIJON PORT DU CANAL
21000 - DIJON QUARTIER DU PARC
21000 - DIJON CLEMENCEAU
21000 - DIJON GRESILLES
21000 - DIJON GRANGIER
25400 - AUDINCOURT
25480 - ECOLE VALENTIN
25200 - MONTBELIARD PRINCIPAL
25500 - MORTEAU
25300 - PONTARLIER
25410 - SAINT VIT
25800 - VALDAHON
25000 - BESANCON PROUDHON
25000 - BESANCON PLANOISE
39300 - CHAMPAGNOLE
39130 - CLAIRVAUX LES LACS
39100 - DOLE GREVY
39000 - LONS LE SAUNIER BRIAND
39200 - SAINT CLAUDE REYBERT
39500 - TAVAUX
51000 - CHALONS EN CHAMPAGNE CATHEDRALE
51350 - CORMONTREUIL
51700 - DORMANS
51200 - EPERNAY SAINT MARTIN
51100 - REIMS BOULINGRIN
51800 - SAINTE MENEHOULD
51120 - SEZANNE
51430 - TINQUEUX
51300 - VITRY LE FRANCOIS
51420 - WITRY LES REIMS
51100 - REIMS WILSON
51100 - REIMS CERES
52600 - CHALINDREY
52000 - CHAUMONT SAINT SAENS
52300 - JOINVILLE
52200 - LANGRES
52100 - SAINT DIZIER GAMBETTA
54120 - BACCARAT
54360 - BLAINVILLE SUR L EAU
54150 - BRIEY
54250 - CHAMPIGNEULLES
54800 - JARNY
54140 - JARVILLE LA MALGRANGE
54300 - LUNEVILLE
54000 - NANCY STANISLAS
54230 - NEUVES MAISONS
54700 - PONT A MOUSSON
54130 - SAINT MAX
54510 - TOMBLAINE
54200 - TOUL
54500 - VANDOEUVRE NATIONS
54190 - VILLERUPT PRINCIPAL
54400 - LONGWY
54000 - NANCY PLACE SAINT JEAN
54520 - LAXOU CHAMP LE BOEUF
54000 - NANCY III MAISONS
55000 - BAR LE DUC ROCHELLE
55200 - COMMERCY
55700 - STENAY
55100 - VERDUN
57150 - CREUTZWALD
57380 - FAULQUEMONT
57600 - FORBACH
57300 - HAGONDANGE
57700 - HAYANGE PRINCIPAL
57155 - MARLY
57800 - FREYMING MERLEBACH PRINCIPAL
57950 - MONTIGNY LES METZ CENTRE
57120 - ROMBAS
57500 - SAINT AVOLD
57400 - SARREBOURG MESSMER
57200 - SARREGUEMINES PRINCIPAL
57100 - THIONVILLE PRINCIPAL
57140 - WOIPPY
57970 - YUTZ
57050 - METZ DEVANT LES PONTS
57000 - METZ CENTRE
57070 - METZ HAUT DE BLEMONT
58120 - CHATEAU CHINON
58500 - CLAMECY
58200 - COSNE COURS SUR LOIRE
58300 - DECIZE
58000 - NEVERS CENTRE
58640 - VARENNES VAUZELLES
59200 - TOURCOING HOTEL DE VILLE
59650 - VILLENEUVE D'ASCQ PRINCIPAL
59410 - ANZIN
59280 - ARMENTIERES
59440 - AVESNES SUR HELPE
59780 - BAISIEUX
59380 - BERGUES
59910 - BONDUES
59111 - BOUCHAIN
59400 - CAMBRAI PRINCIPAL
59540 - CAUDRY
59163 - CONDE SUR L ESCAUT
59210 - COUDEKERQUE BRANCHE
59170 - CROIX
59220 - DENAIN
59500 - DOUAI PRINCIPAL
59140 - DUNKERQUE PRINCIPAL
59200 - TOURCOING GAND
59760 - GRANDE SYNTHE
59287 - GUESNAIN
59320 - HAUBOURDIN
59330 - HAUTMONT
59190 - HAZEBROUCK
59260 - HELLEMMES LILLE
59460 - JEUMONT
59130 - LAMBERSART
59000 - LILLE REPUBLIQUE
59160 - LOMME
59390 - LYS LEZ LANNOY
59110 - LA MADELEINE
59700 - MARCQ EN BAROEUL
59600 - MAUBEUGE PRINCIPAL
59370 - MONS EN BAROEUL
59264 - ONNAING
59310 - ORCHIES
59162 - OSTRICOURT
59530 - LE QUESNOY
59790 - RONCHIN
59100 - ROUBAIX PRINCIPAL
59230 - SAINT AMAND LES EAUX
59450 - SIN LE NOBLE
59490 - SOMAIN
59300 - VALENCIENNES PRINCIPAL
59139 - WATTIGNIES
59150 - WATTRELOS PRINCIPAL
59136 - WAVRIN
59000 - LILLE OPERA
59000 - LILLE MOULINS
59100 - ROUBAIX FOSSE AUX CHENES
59500 - DOUAI POLYGONE
60000 - BEAUVAIS GAMBETTA
60510 - BRESLES
60120 - BRETEUIL
60230 - CHAMBLY
60500 - CHANTILLY
60200 - COMPIEGNE ARCHET D OPALE
60800 - CREPY EN VALOIS
60260 - LAMORLAYE
60140 - LIANCOURT
60110 - MERU
60180 - NOGENT SUR OISE
60400 - NOYON
60700 - PONT STE MAXENCE
60130 - SAINT JUST EN CHAUSSEE
60300 - SENLIS
60150 - THOUROTTE
60000 - BEAUVAIS SAINT JUST DES MARAIS
60100 - CREIL GAMBETTA
62120 - AIRE SUR LA LYS
62000 - ARRAS R P
62260 - AUCHEL
62138 - AUCHY LES MINES
62370 - AUDRUICQ
62810 - AVESNES LE COMTE
62210 - AVION
62217 - BEAURAINS
62600 - BERCK SUR MER PRINCIPAL
62400 - BETHUNE PRINCIPAL
62200 - BOULOGNE SUR MER PRINCIPAL
62700 - BRUAY LA BUISSIERE
62100 - CALAIS THEATRE
62470 - CALONNE RICOUART
62220 - CARVIN
62110 - HENIN BEAUMONT PRINCIPAL
62300 - LENS
62800 - LIEVIN
62250 - MARQUISE
62290 - NOEUX LES MINES
62590 - OIGNIES
62480 - LE PORTEL
62223 - SAINT LAURENT BLANGY
62500 - SAINT OMER
62130 - SAINT POL SUR TERNOISE
62350 - SAINT VENANT
62520 - LE TOUQUET PARIS PLAGE
62880 - VENDIN LE VIEIL
62490 - VITRY EN ARTOIS
62100 - CALAIS TOUR DU GUET
67000 - STRASBOURG 22 NOVEMBRE
67330 - BOUXWILLER
67170 - BRUMATH
67500 - HAGUENAU THEATRE
67400 - ILLKIRCH GRAFFENSTADEN
67120 - MOLSHEIM
67210 - OBERNAI
67700 - SAVERNE
67300 - SCHILTIGHEIM LES BRASSEURS
67600 - SELESTAT
67000 - STRASBOURG MARSEILLAISE
67160 - WISSEMBOURG
67000 - STRASBOURG FORET NOIRE
67200 - STRASBOURG KOENIGSHOFFEN
67100 - STRASBOURG MEINAU
67100 - STRASBOURG NEUDORF
67200 - STRASBOURG HAUTEPIERRE
68130 - ALTKIRCH
68000 - COLMAR CHAMP DE MARS
68190 - ENSISHEIM
68500 - GUEBWILLER
68110 - ILLZACH
68100 - MULHOUSE HENNER
68150 - RIBEAUVILLE
68300 - SAINT LOUIS
68800 - THANN
68230 - TURCKHEIM
68200 - MULHOUSE DORNACH
68100 - MULHOUSE BOULEVARD DE L EUROPE
70100 - GRAY
70200 - LURE
70300 - LUXEUIL LES BAINS
70190 - RIOZ
70000 - VESOUL ILE VERTE
71400 - AUTUN
71100 - CHALON SUR SAONE LAPIERRE
71850 - CHARNAY LES MACON
71880 - CHATENOY LE ROYAL
71170 - CHAUFFAILLES
71200 - LE CREUSOT
71500 - LOUHANS
71000 - MACON VICTOR HUGO
71300 - MONTCEAU LES MINES
71600 - PARAY LE MONIAL
71380 - SAINT MARCEL
71700 - TOURNUS
71100 - CHALON SUR SAONE REPUBLIQUE
80100 - ABBEVILLE CLEMENCEAU
80300 - ALBERT
80000 - AMIENS R P
80600 - DOULLENS
80130 - FRIVILLE ESCARBOTIN
80500 - MONTDIDIER
80200 - PERONNE
80290 - POIX DE PICARDIE
80170 - ROSIERES EN SANTERRE
80120 - RUE
80480 - SALEUX
80000 - AMIENS TOUR PERRET
80090 - AMIENS ROLLIN
88250 - LA BRESSE
88000 - EPINAL QUATRE NATIONS
88400 - GERARDMER
88300 - NEUFCHATEAU
88200 - REMIREMONT
88100 - SAINT DIE DES VOSGES
88150 - THAON LES VOSGES
88800 - VITTEL
89000 - AUXERRE CENTRE VILLE
89200 - AVALLON
89300 - JOIGNY
89140 - PONT SUR YONNE
89600 - SAINT FLORENTIN
89100 - SENS
89130 - TOUCY
90000 - BELFORT THEATRE
90100 - DELLE
57230 - BITCHE BP
57070 - SAINT JULIEN LES METZ BP
59480 - LA BASSEE BP
59000 - LILLE GAMBETTA BP
60160 - MONTATAIRE BP
62232 - ANNEZIN BP
62510 - ARQUES BP
62620 - BARLIN BP
62123 - BEAUMETZ LES LOGES BP
62160 - BULLY LES MINES BP
62149 - CAMBRIN BP
62240 - DESVRES BP
62440 - HARNES BP
62140 - HESDIN BP
62150 - HOUDAIN BP
62190 - LILLERS BP
62380 - LUMBRES BP
62860 - MARQUION BP
62170 - MONTREUIL BP
62221 - NOYELLES SOUS LENS BP
62930 - WIMEREUX BP
62410 - WINGLES BP
71120 - CHAROLLES BP
1500 - AMBERIEU EN BUGEY
1200 - BELLEGARDE SUR VALSERINE PAL
1300 - BELLEY
1000 - BOURG EN BRESSE PREFECTURE
1250 - CEYZERIAT
1400 - CHATILLON SUR CHALARONNE
1210 - FERNEY VOLTAIRE
1800 - MEXIMIEUX
1700 - MIRIBEL
1100 - OYONNAX
1290 - PONT DE VEYLE
1600 - TREVOUX
3160 - BOURBON L ARCHAMBAULT
3600 - COMMENTRY
3300 - CUSSET
3410 - DOMERAT
3800 - GANNAT
3120 - LAPALISSE
3100 - MONTLUCON CHATEAU
3000 - MOULINS LES MARINIERS
3500 - SAINT POURCAIN SUR SIOULE
3200 - VICHY
4000 - DIGNE R P
4300 - FORCALQUIER
4100 - MANOSQUE
4170 - SAINT ANDRE LES ALPES
4200 - SISTERON
5200 - EMBRUN
5000 - GAP R P
5300 - LARAGNE MONTEGLIN
5400 - VEYNES
5100 - BRIANCON SAINTE CATHERINE
6600 - ANTIBES CENTRE VILLE
6410 - BIOT SOPHIA
6400 - CANNES CROISETTE
6110 - LE CANNET HOTEL DE VILLE
6130 - GRASSE FRAGONARD
6210 - MANDELIEU LA NAPOULE PRINCIPAL
6500 - MENTON
6370 - MOUANS SARTOUX
6000 - NICE THIERS
6330 - ROQUEFORT LES PINS
6700 - ST LAURENT DU VAR DE GAULLE PAL
6670 - SAINT MARTIN DU VAR
6340 - LA TRINITE
6270 - VILLENEUVE LOUBET
6100 - NICE LE RAY
6800 - CAGNES SUR MER RENOIR
6000 - NICE MALAUSSENA
6200 - NICE SAINT AUGUSTIN
6150 - CANNES LA BOCCA
6110 - LE CANNET ROCHEVILLE
6160 - JUAN LES PINS
6300 - NICE GARIBALDI
6000 - NICE NOTRE DAME
6100 - NICE SAINT BARTHELEMY
6000 - NICE WILSON
6200 - NICE SAINTE HELENE
6300 - NICE SAINT ROCH
6190 - ROQUEBRUNE CAP MARTIN CARNOLES
7100 - ANNONAY LEVERT
7200 - AUBENAS CHAMP DE MARS
7270 - LAMASTRE
7000 - PRIVAS
7120 - RUOMS
7330 - THUEYTS
7300 - TOURNON SUR RHONE
13100 - AIX EN PROVENCE LA ROTONDE
13190 - ALLAUCH VILLAGE
13200 - ARLES LES LICES
13400 - AUBAGNE COQUIERES
13130 - BERRE L ETANG
13320 - BOUC BEL AIR
13600 - LA CIOTAT
13430 - EYGUIERES
13120 - GARDANNE
13180 - GIGNAC LA NERTHE
13800 - ISTRES LES ECHOPPES
13410 - LAMBESC
13001 - MARSEILLE COLBERT
13500 - MARTIGUES FERRIERES
13140 - MIRAMAS
13170 - LES PENNES MIRABEAU
13110 - PORT DE BOUC
13360 - ROQUEVAIRE
13210 - SAINT REMY DE PROVENCE
13300 - SALON DE PROVENCE JEAN MOULIN
13150 - TARASCON
13530 - TRETS
13770 - VENELLES
13127 - VITROLLES LES ARCADES
13013 - MARSEILLE SAINT JUST
13500 - MARTIGUES JONQUIERES
13006 - MARSEILLE PLACE CASTELLANE
13008 - MARSEILLE SAINT GINIEZ
13090 - AIX EN PROVENCE JAS DE BOUFFAN
13012 - MARSEILLE SAINT BARNABE
13290 - AIX EN PROVENCE LES MILLES
13003 - MARSEILLE BELLE DE MAI
13010 - MARSEILLE PONT DE VIVAUX
13001 - MARSEILLE CANEBIERE
13013 - MARSEILLE CHATEAU GOMBERT
13005 - MARSEILLE LOUIS ASTRUC
13004 - MARSEILLE CINQ AVENUES
13007 - MARSEILLE SAINT VICTOR
13009 - MARSEILLE LE FLORALIA
13002 - MARSEILLE JOLIETTE
13001 - MARSEILLE RUE DE ROME
13015 - MARSEILLE SAINT ANTOINE
13012 - MARSEILLE LA FOURRAGERE
13008 - MARSEILLE BONNEVEINE
13016 - MARSEILLE SAINT HENRI
13013 - MARSEILLE LA ROSE
13015 - MARSEILLE SAINT-LOUIS
13010 - MARSEILLE SAINT LOUP
13011 - MARSEILLE SAINT-MARCEL
13009 - MARSEILLE SAINTE MARGUERITE
13004 - MARSEILLE CHARTREUX
13014 - MARSEILLE SAINT-BARTHELEMY
13100 - AIX EN PROVENCE HOTEL DE VILLE
15130 - ARPAJON SUR CERE
15000 - AURILLAC JORDANNE
15200 - MAURIAC
15100 - SAINT FLOUR
20000 - AJACCIO SAINT GABRIEL
20200 - BASTIA SAINT NICOLAS
20290 - BORGO
20222 - ERBALUNGA
20260 - CALVI BALAGNE
20130 - CARGESE
20250 - CORTE
20240 - GHISONACCIA
20137 - PORTO VECCHIO 4 CHEMINS
20110 - PROPRIANO
20230 - SAN NICOLAO
20600 - BASTIA LIBECCIU
20090 - AJACCIO SALINES
20166 - PORTICCIO
26160 - LA BEGUDE DE MAZENC
26300 - BOURG DE PEAGE
26400 - CREST
26200 - MONTELIMAR EUROPE
26110 - NYONS
26700 - PIERRELATTE
26100 - ROMANS SUR ISERE
26260 - SAINT DONAT SUR L HERBASSE
26000 - VALENCE HERRIOT
26000 - VALENCE HUGO
26000 - VALENCE CHAMPIONNET
38490 - LES ABRETS EN DAUPHINE
38300 - BOURGOIN JALLIEU PRINCIPAL
38260 - LA COTE ST ANDRE
38920 - CROLLES
38420 - DOMENE
38130 - ECHIROLLES PRINCIPAL
38320 - EYBENS
38600 - FONTAINE RIVE GAUCHE
38000 - GRENOBLE CHAVANT
38240 - MEYLAN
38530 - PONTCHARRA
38230 - PONT DE CHERUY
38800 - LE PONT DE CLAIX
38150 - ROUSSILLON
38120 - SAINT EGREVE
38160 - SAINT MARCELLIN
38110 - LA TOUR DU PIN
38210 - TULLINS
38200 - VIENNE
38250 - VILLARD DE LANS
38090 - VILLEFONTAINE LES DAUPHINS
38220 - VIZILLE
38500 - VOIRON
38000 - GRENOBLE BERRIAT
38100 - GRENOBLE FOCH
38100 - GRENOBLE LIONEL TERRAY
38000 - GRENOBLE REPUBLIQUE
42120 - LE COTEAU
42110 - FEURS
42700 - FIRMINY
42600 - MONTBRISON
42153 - RIORGES
42800 - RIVE DE GIER
42300 - ROANNE PRINCIPAL
42400 - SAINT CHAMOND PRINCIPAL
42000 - SAINT ETIENNE GRAND POSTE
42660 - SAINT GENEST MALIFAUX
42170 - SAINT JUST SAINT RAMBERT
42340 - VEAUCHE
42390 - VILLARS
42100 - SAINT ETIENNE BELLEVUE
42100 - SAINT ETIENNE FAURIEL
42000 - SAINT ETIENNE MONTAUD
43100 - BRIOUDE
43700 - BRIVES CHARENSAC
43120 - MONISTROL SUR LOIRE
43000 - LE PUY EN VELAY LES CARMES
43200 - YSSINGEAUX
63600 - AMBERT
63170 - AUBIERE
63160 - BILLOM
63150 - LA BOURBOULE
63570 - BRASSAC LES MINES
63118 - CEBAZAT
63400 - CHAMALIERES EUROPE
63140 - CHATEL GUYON
63000 - CLERMONT FERRAND SAINT ELOI
63800 - COURNON D AUVERGNE
63500 - ISSOIRE
63370 - LEMPDES
63730 - LES MARTRES DE VEYRE
63200 - RIOM
63300 - THIERS LE MOUTIER
63000 - CLERMONT FERRAND PLACE GAILLARD
63100 - CLERMONT FERRAND NEYRAT
63000 - CLERMONT FERRAND L ORADOU
69210 - L ARBRESLE
69430 - BEAUJEU
69220 - BELLEVILLE
69530 - BRIGNAIS
69500 - BRON
69300 - CALUIRE ET CUIRE
69570 - DARDILLY
69130 - ECULLY
69700 - GIVORS
69380 - LOZANNE
69002 - LYON BELLECOUR
69440 - MORNANT
69250 - NEUVILLE SUR SAONE
69600 - OULLINS
69190 - ST FONS
69110 - STE FOY LES LYON
69230 - ST GENIS LAVAL
69170 - TARARE
69160 - TASSIN HORLOGE
69120 - VAULX EN VELIN PRINCIPAL
69200 - VENISSIEUX PAL
69390 - VERNAISON
69400 - VILLEFRANCHE SUR SAONE REPUBLIQUE
69100 - VILLEURBANNE GRATTE CIEL
69150 - DECINES CHARPIEU
69740 - GENAS
69330 - MEYZIEU
69140 - RILLIEUX LA PAPE PAL
69800 - ST PRIEST HOTEL DE VILLE
69360 - ST SYMPHORIEN D OZON
69003 - LYON LAFAYETTE
69100 - VILLEURBANNE GRANDCLEMENT
69006 - LYON SULLY
69004 - LYON CROIX ROUSSE
69007 - LYON GUILLOTIERE
69008 - LYON MONPLAISIR
69003 - LYON MONTCHAT
69007 - LYON GERLAND
69001 - LYON TERREAUX
69009 - LYON VAISE
69003 - LYON VILLETTE
69100 - VILLEURBANNE LES CHARPENNES
69100 - VILLEURBANNE CUSSET
69005 - LYON POINT DU JOUR
69008 - LYON BEAUVISAGE
73100 - AIX LES BAINS VICTORIA
73200 - ALBERTVILLE
73700 - BOURG ST MAURICE
73000 - CHAMBERY VERNEY
73800 - MONTMELIAN
73290 - LA MOTTE SERVOLEX
73600 - MOUTIERS TARENTAISE
38480 - PONT DE BEAUVOISIN ISERE SAVOIE
73490 - LA RAVOIRE
73300 - SAINT JEAN DE MAURIENNE
74000 - ANNECY CITE DU LAC
74940 - ANNECY LE VIEUX
74380 - BONNE SUR MENOGE
74300 - CLUSES DE GAULLE
74500 - EVIAN LES BAINS
74210 - FAVERGES
74960 - MEYTHET
74800 - LA ROCHE SUR FORON
74150 - RUMILLY
74160 - SAINT JULIEN EN GENEVOIS
74700 - SALLANCHES
74600 - SEYNOD
74200 - THONON LES BAINS
74100 - ANNEMASSE PARC
83630 - AUPS
83170 - BRIGNOLES
83310 - COGOLIN
83300 - DRAGUIGNAN
83440 - FAYENCE
83600 - FREJUS
83130 - LA GARDE
83400 - HYERES PRINCIPAL
83980 - LE LAVANDOU
83510 - LORGUES
83340 - LE LUC
83490 - LE MUY
83220 - LE PRADET
83560 - RIANS
83270 - SAINT CYR SUR MER
83470 - SAINT MAXIMIN LA SAINTE BAUME
83700 - SAINT RAPHAEL
83500 - LA SEYNE SUR MER PRINCIPAL
83140 - SIX FOURS LES PLAGES
83210 - SOLLIES PONT
83000 - TOULON LA RODE PRINCIPAL
83160 - LA VALETTE DU VAR PPAL
83500 - LA SEYNE LA NAVALE
83000 - TOULON PONT DU LAS
83000 - TOULON LOUIS BLANC
83200 - TOULON LES ROUTES
83000 - TOULON LIBERTE
84400 - APT
84000 - AVIGNON REPUBLIQUE
84500 - BOLLENE
84200 - CARPENTRAS
84300 - CAVAILLON
84800 - L ISLE SUR LA SORGUE
84170 - MONTEUX
84100 - ORANGE
84120 - PERTUIS
84130 - LE PONTET
84700 - SORGUES
84240 - LA TOUR D AIGUES
84110 - VAISON LA ROMAINE
84000 - AVIGNON LES OLIVADES
84000 - AVIGNON PONT DES DEUX EAUX
01170 - GEX BP
04800 - GREOUX LES BAINS BP
06510 - CARROS BP
13700 - MARIGNANE MARECHAL JUIN (L)
13016 - MARSEILLE SAINT ANDRE BP
20169 - BONIFACIO BP
20220 - L ILE ROUSSE BP
20213 - PENTA DI CASINCA FOLELLI BP
20215 - ARENA VESCOVATO BP
83670 - BARJOLS BP
83240 - CAVALAIRE SUR MER BP
83640 - SAINT ZACHARIE BP
98000 - NICE DT MONACO
75019 - PARIS LAUMIERE
75017 - PARIS BROCHANT
75015 - PARIS VOLONTAIRES FRANCOIS BONVIN
75002 - PARIS LOUVRE
75005 - PARIS MOUFFETARD FEUILLANTINES
75006 - PARIS CHERCHE MIDI
75007 - PARIS ECOLE MILITAIRE
75008 - PARIS LA BOETIE
75009 - PARIS ROCHECHOUART
75010 - PARIS MAGENTA
75012 - PARIS REUILLY
75013 - PARIS ITALIE
75015 - PARIS CONVENTION
75016 - PARIS PASSY
75017 - PARIS 17 WAGRAM
75018 - PARIS 18 MONTMARTRE
75020 - PARIS PYRENEES
75004 - PARIS BASTILLE
75018 - PARIS VAUVENARGUES
75006 - PARIS ODEON BEAUX ARTS
75005 - PARIS JUSSIEU
75018 - PARIS CHATEAU ROUGE
75007 - PARIS PALAIS BOURBON
75010 - PARIS SAMBRE ET MEUSE
75020 - PARIS MENILMONTANT
75008 - PARIS COLISEE
75011 - PARIS GONCOURT
75002 - PARIS BOURSE
75014 - PARIS OBSERVATOIRE DAGUERRE
75016 - PARIS AUTEUIL / LA FONTAINE
75017 - PARIS BATIGNOLLES
75019 - PARIS SIMON BOLIVAR
75012 - PARIS DAUMESNIL TAHITI
75018 - PARIS MARX DORMOY
75020 - PARIS CHARONNE
75015 - PARIS BOUCICAUT CITROEN
75017 - PARIS GUY MOQUET
75013 - PARIS JEANNE D'ARC
75011 - PARIS PERE LACHAISE
75014 - PARIS ALESIA
75009 - PARIS TURGOT
75015 - PARIS VOUILLE GEORGES BRASSENS
75020 - PARIS BUZENVAL
75116 - PARIS VICTOR HUGO
75014 - PARIS PERNETY PLAISANCE
75012 - PARIS PICPUS
75017 - PARIS TERNES
75019 - PARIS ORGUES DE FLANDRE
75013 - PARIS REINE BLANCHE
75003 - PARIS TEMPLE
75011 - PARIS SAINTE MARGUERITE
75020 - PARIS TELEGRAPHE
75015 - PARIS SAINT LAMBERT
75016 - PARIS PARC DES PRINCES
75013 - PARIS BUTTE AUX CAILLES
75015 - PARIS BIENVENUE
75017 - PARIS DEBUSSY
75012 - PARIS FAUBOURG ST ANTOINE CROZATIER
75019 - PARIS OURCQ
75006 - PARIS ST GERMAIN DES PRES MEDICIS
75011 - PARIS MERCOEUR
75001 - PARIS CHATELET
75008 - PARIS SAINT LAZARE
75011 - PARIS RICHARD LENOIR
75019 - PARIS PLACE DES FETES
75018 - PARIS BICHAT
75010 - PARIS BONNE NOUVELLE
75010 - PARIS CANAL SAINT MARTIN
75006 - PARIS PALAIS DU LUXEMBOURG
75012 - PARIS SOULT
75013 - PARIS TOLBIAC
75018 - PARIS PORTE DE LA CHAPELLE
75013 - PARIS CORVISART
75015 - PARIS BEAUGRENELLE / LOURMEL
75014 - PARIS DENFERT ROCHEREAU
75014 - PARIS BRUNE
75015 - PARIS DUPLEIX
75020 - PARIS EDITH PIAF
77210 - AVON
77170 - BRIE COMTE ROBERT
77500 - CHELLES PRINCIPAL
77120 - COULOMMIERS
77190 - DAMMARIE LES LYS
77230 - DAMMARTIN EN GOELE
77450 - ESBLY
77260 - LA FERTE SOUS JOUARRE
77300 - FONTAINEBLEAU
77400 - LAGNY SUR MARNE
77100 - MEAUX PRINCIPAL
77350 - LE MEE SUR SEINE
77000 - MELUN RP
77550 - MOISSY CRAMAYEL
77130 - MONTEREAU
77250 - MORET SUR LOING
77370 - NANGIS
77140 - NEMOURS
77330 - OZOIR LA FERRIERE
77340 - PONTAULT COMBAULT
77160 - PROVINS
